repo_name,easy_file,hard_file
mph-/lcapy,lcapy/sym.py,lcapy/printing.py
mph-/lcapy,lcapy/sym.py,lcapy/utils.py
numpy/numpy,numpy/_array_api/_types.py,numpy/_array_api/_searching_functions.py
numpy/numpy,numpy/_array_api/_types.py,numpy/_array_api/_array_object.py
numpy/numpy,numpy/_array_api/_types.py,numpy/_array_api/_elementwise_functions.py
pyocd/pyOCD,scripts/generate_flash_algo.py,pyocd/subcommands/gdbserver_cmd.py
pyocd/pyOCD,scripts/generate_flash_algo.py,pyocd/target/builtin/target_nRF52833_xxAA.py
mozman/ezdxf,src/ezdxf/entities/dxfentity.py,src/ezdxf/entities/spline.py
mozman/ezdxf,src/ezdxf/addons/dxf2code.py,src/ezdxf/entities/spline.py
mozman/ezdxf,src/ezdxf/addons/dxf2code.py,src/ezdxf/entities/mtext.py
mozman/ezdxf,src/ezdxf/__init__.py,src/ezdxf/document.py
mozman/ezdxf,src/ezdxf/lldxf/types.py,src/ezdxf/entities/mtext.py
mozman/ezdxf,src/ezdxf/entities/dxfentity.py,src/ezdxf/entities/mtext.py
mozman/ezdxf,src/ezdxf/__init__.py,src/ezdxf/proxygraphic.py
mozman/ezdxf,src/ezdxf/entities/boundary_paths.py,src/ezdxf/audit.py
mozman/ezdxf,src/ezdxf/version.py,src/ezdxf/document.py
mozman/ezdxf,src/ezdxf/addons/dxf2code.py,src/ezdxf/document.py
mozman/ezdxf,src/ezdxf/entities/polyline.py,src/ezdxf/entities/__init__.py
mozman/ezdxf,src/ezdxf/lldxf/types.py,src/ezdxf/entities/dimension.py
mozman/ezdxf,src/ezdxf/addons/browser/data.py,src/ezdxf/audit.py
mozman/ezdxf,src/ezdxf/lldxf/types.py,src/ezdxf/entities/spline.py
mozman/ezdxf,src/ezdxf/__init__.py,src/ezdxf/entities/__init__.py
mozman/ezdxf,src/ezdxf/entities/dxfentity.py,src/ezdxf/proxygraphic.py
mozman/ezdxf,src/ezdxf/version.py,src/ezdxf/entities/__init__.py
mozman/ezdxf,src/ezdxf/__init__.py,src/ezdxf/entities/spline.py
mozman/ezdxf,src/ezdxf/entities/dxfentity.py,src/ezdxf/entities/__init__.py
mozman/ezdxf,src/ezdxf/__init__.py,src/ezdxf/entities/dimension.py
mozman/ezdxf,src/ezdxf/__init__.py,src/ezdxf/entities/mtext.py
mozman/ezdxf,src/ezdxf/version.py,src/ezdxf/entities/dimension.py
mozman/ezdxf,src/ezdxf/version.py,src/ezdxf/entities/mtext.py
mozman/ezdxf,src/ezdxf/entities/polyline.py,src/ezdxf/document.py
mozman/ezdxf,src/ezdxf/lldxf/types.py,src/ezdxf/proxygraphic.py
mozman/ezdxf,src/ezdxf/entities/polyline.py,src/ezdxf/entities/dimension.py
mozman/ezdxf,src/ezdxf/lldxf/types.py,src/ezdxf/entities/__init__.py
mozman/ezdxf,src/ezdxf/version.py,src/ezdxf/proxygraphic.py
mozman/ezdxf,src/ezdxf/version.py,src/ezdxf/entities/lwpolyline.py
mozman/ezdxf,src/ezdxf/addons/dxf2code.py,src/ezdxf/entities/dimension.py
mozman/ezdxf,src/ezdxf/lldxf/types.py,src/ezdxf/entities/lwpolyline.py
mozman/ezdxf,src/ezdxf/entities/dxfentity.py,src/ezdxf/document.py
mozman/ezdxf,src/ezdxf/addons/dxf2code.py,src/ezdxf/entities/__init__.py
mozman/ezdxf,src/ezdxf/addons/browser/find_dialog.py,src/ezdxf/audit.py
mozman/ezdxf,src/ezdxf/entities/dxfentity.py,src/ezdxf/entities/dimension.py
mozman/ezdxf,src/ezdxf/addons/browser/model.py,src/ezdxf/audit.py
mozman/ezdxf,src/ezdxf/lldxf/types.py,src/ezdxf/document.py
mozman/ezdxf,src/ezdxf/version.py,src/ezdxf/entities/spline.py
mozman/ezdxf,src/ezdxf/protocols.py,src/ezdxf/audit.py
mozman/ezdxf,src/ezdxf/entities/polyline.py,src/ezdxf/entities/lwpolyline.py
mozman/ezdxf,src/ezdxf/entities/polyline.py,src/ezdxf/entities/mtext.py
mozman/ezdxf,src/ezdxf/addons/dxf2code.py,src/ezdxf/entities/lwpolyline.py
mozman/ezdxf,src/ezdxf/entities/polyline.py,src/ezdxf/proxygraphic.py
mozman/ezdxf,src/ezdxf/addons/browser/views.py,src/ezdxf/audit.py
mozman/ezdxf,src/ezdxf/entities/dxfentity.py,src/ezdxf/entities/lwpolyline.py
mozman/ezdxf,src/ezdxf/addons/dxf2code.py,src/ezdxf/proxygraphic.py
mozman/ezdxf,src/ezdxf/__main__.py,src/ezdxf/audit.py
mozman/ezdxf,src/ezdxf/entities/polyline.py,src/ezdxf/entities/spline.py
mozman/ezdxf,src/ezdxf/path/tools.py,src/ezdxf/audit.py
mozman/ezdxf,src/ezdxf/__init__.py,src/ezdxf/entities/lwpolyline.py
robintw/Py6S,casestudy/ncaveo.py,Py6S/Params/geometry.py
robintw/Py6S,casestudy/ncaveo.py,Py6S/SixSHelpers/radiosonde.py
robintw/Py6S,casestudy/ncaveo.py,Py6S/SixSHelpers/aeronet.py
robintw/Py6S,casestudy/ncaveo.py,Py6S/SixSHelpers/all_angles.py
robintw/Py6S,casestudy/ncaveo.py,Py6S/SixSHelpers/__init__.py
zerothi/sisl,sisl/viz/backends/plotly/_plots/__init__.py,sisl/viz/backends/blender/_plots/grid.py
zerothi/sisl,sisl/viz/plots/bands.py,sisl/viz/backends/blender/_plots/grid.py
zerothi/sisl,sisl/viz/backends/matplotlib/_plots/__init__.py,sisl/viz/backends/blender/_plots/grid.py
zerothi/sisl,sisl/viz/backends/templates/_plots/grid.py,sisl/viz/backends/blender/_plots/grid.py
zerothi/sisl,sisl/viz/backends/matplotlib/_plots/grid.py,sisl/viz/backends/blender/_plots/grid.py
zerothi/sisl,sisl/viz/backends/templates/_plots/geometry.py,sisl/viz/backends/blender/_plots/grid.py
zerothi/sisl,sisl/viz/backends/templates/_plots/fatbands.py,sisl/viz/backends/blender/_plots/grid.py
zerothi/sisl,sisl/viz/backends/templates/_plots/__init__.py,sisl/viz/backends/blender/_plots/grid.py
zerothi/sisl,sisl/viz/plots/__init__.py,sisl/viz/backends/blender/_plots/grid.py
zerothi/sisl,sisl/viz/backends/plotly/_plots/bands.py,sisl/viz/backends/blender/_plots/grid.py
zerothi/sisl,sisl/viz/backends/plotly/_plots/grid.py,sisl/viz/backends/blender/_plots/grid.py
zerothi/sisl,sisl/viz/_plotables_register.py,sisl/viz/backends/blender/_plots/grid.py
zerothi/sisl,sisl/viz/plot.py,sisl/viz/backends/blender/_plots/grid.py
zerothi/sisl,sisl/viz/backends/matplotlib/_plots/bands.py,sisl/viz/backends/blender/_plots/grid.py
zerothi/sisl,sisl/viz/backends/matplotlib/backend.py,sisl/viz/backends/blender/_plots/grid.py
zerothi/sisl,sisl/viz/backends/plotly/backend.py,sisl/viz/backends/blender/_plots/grid.py
zerothi/sisl,sisl/viz/backends/plotly/_plots/geometry.py,sisl/viz/backends/blender/_plots/grid.py
zerothi/sisl,sisl/viz/backends/templates/_plots/bands.py,sisl/viz/backends/blender/_plots/grid.py
zerothi/sisl,sisl/viz/plots/pdos.py,sisl/viz/backends/blender/_plots/grid.py
FPGAwars/apio,apio/__init__.py,apio/api.py
FPGAwars/apio,apio/__init__.py,apio/profile.py
Weasyl/weasyl,weasyl/character.py,weasyl/submission.py
Weasyl/weasyl,weasyl/searchtag.py,weasyl/controllers/settings.py
Weasyl/weasyl,weasyl/searchtag.py,weasyl/commishinfo.py
Weasyl/weasyl,weasyl/journal.py,weasyl/submission.py
Weasyl/weasyl,weasyl/favorite.py,weasyl/submission.py
Weasyl/weasyl,weasyl/controllers/routes.py,weasyl/middleware.py
nschloe/meshio,src/meshio/off/_off.py,src/meshio/tecplot/_tecplot.py
nschloe/meshio,src/meshio/off/_off.py,src/meshio/vtk/_main.py
craws/OpenAtlas,openatlas/api/v02/common/entity/entity.py,openatlas/api/v02/endpoints/entity/geometric_entities.py
mikf/gallery-dl,gallery_dl/extractor/bbc.py,gallery_dl/extractor/kemonoparty.py
mvendra/mvtools,launchers/recipe_processor.py,toolbus.py
mvendra/mvtools,git/reset_git_repo.py,launchers/launch_jobs_plugins/tasks/make_plugin.py
mvendra/mvtools,svn/reset_svn_repo.py,launchers/launch_jobs_plugins/tasks/make_plugin.py
mvendra/mvtools,wrappers/git_wrapper.py,toolbus.py
mvendra/mvtools,git/git_lib.py,toolbus.py
mvendra/mvtools,git/git_lib.py,svn/svn_lib.py
mvendra/mvtools,git/collect_git_patch.py,toolbus.py
mvendra/mvtools,wrappers/git_wrapper.py,svn/svn_lib.py
mvendra/mvtools,launchers/recipe_processor.py,svn/svn_lib.py
mvendra/mvtools,git/collect_git_patch.py,svn/svn_lib.py
rmvanhees/pys5p,src/pys5p/ckd_io.py,src/pys5p/lib/plotlib.py
xcat2/confluent,confluent_osdeploy/diskless/build/genimage.py,confluent_osdeploy/el8-diskless/profiles/default/scripts/image2disk.py
xumi1993/seispy,seispy/ccp3d.py,seispy/scripts.py
4dn-dcic/tibanna,tibanna/iam_utils.py,tibanna/core.py
Rapptz/RoboDanny,cogs/stars.py,cogs/stats.py
biorack/metatlas,metatlas/io/targeted_output.py,metatlas/io/write_utils.py
biorack/metatlas,metatlas/io/targeted_output.py,metatlas/tools/predict_rt.py
bobintetley/asm3,src/asm3/html.py,src/asm3/utils.py
kovidgoyal/kitty,kitty/constants.py,kitty/tabs.py
kovidgoyal/kitty,kittens/tui/images.py,kittens/ssh/main.py
kovidgoyal/kitty,kittens/tui/images.py,kitty/tab_bar.py
naschorr/hawking,modules/stupid_questions/stupid_questions.py,code/common/module/dependency_graph.py
naschorr/hawking,code/common/privacy_manager.py,code/common/module/dependency_graph.py
naschorr/hawking,code/core/commands/__init__.py,code/common/module/dependency_graph.py
naschorr/hawking,code/core/commands/social_helper.py,code/common/module/dependency_graph.py
naschorr/hawking,code/core/commands/speech_config_help_command.py,code/common/module/dependency_graph.py
sklprogs/mclient,src/plugins/multitrancom/run.py,src/plugins/multitrancom/elems.py
sklprogs/mclient,src/manager.py,src/plugins/multitrancom/utils.py
sklprogs/mclient,src/subjects/order.py,src/plugins/multitrancom/utils/subjects/fix.py
sklprogs/mclient,src/plugins/multitrancom/run.py,src/plugins/multitrancom/utils.py
sklprogs/mclient,src/subjects/order.py,src/priorities/controller.py
sklprogs/mclient,src/subjects/order.py,src/plugins/multitrancom/subjects.py
sklprogs/mclient,src/manager.py,src/plugins/multitrancom/elems.py
willmcgugan/rich,examples/repr.py,rich/repr.py
ClusterLabs/crmsh,crmsh/sbd.py,crmsh/ocfs2.py
ICTU/quality-time,components/server/src/routes/server.py,components/collector/src/source_collectors/gitlab/base.py
SickGear/SickGear,sickbeard/search_queue.py,sickbeard/tvcache.py
SickGear/SickGear,sickbeard/search_queue.py,sickbeard/providers/__init__.py
SickGear/SickGear,sickbeard/search.py,sickbeard/db.py
SickGear/SickGear,sickbeard/search_queue.py,sickbeard/db.py
SickGear/SickGear,sickbeard/search.py,sickbeard/clients/download_station.py
SickGear/SickGear,sickbeard/search.py,sickbeard/tvcache.py
SickGear/SickGear,sickbeard/search.py,sickbeard/webapi.py
SickGear/SickGear,sickbeard/search_queue.py,sickbeard/webapi.py
SickGear/SickGear,sickbeard/search.py,sickbeard/providers/__init__.py
SickGear/SickGear,sickbeard/search_queue.py,sickbeard/clients/download_station.py
deepchem/deepchem,deepchem/feat/molecule_featurizers/roberta_tokenizer.py,deepchem/feat/roberta_tokenizer.py
egnyte/gitlabform,gitlabform/ui.py,gitlabform/processors/abstract_processor.py
egnyte/gitlabform,gitlabform/ui.py,gitlabform/output.py
guardicore/monkey,monkey/monkey_island/cc/services/mode/set_island_mode_service.py,monkey/monkey_island/cc/services/utils/config_encryption.py
nicolargo/glances,glances/plugins/glances_cpu.py,glances/plugins/glances_plugin.py
nortikin/sverchok,utils/sv_json_import.py,utils/tree_structure.py
nortikin/sverchok,utils/sv_default_macros.py,nodes/text/text_in_mk2.py
sjdv1982/seamless,seamless/midlevel/pretranslate.py,seamless/core/transformation.py
sjdv1982/seamless,seamless/highlevel/library/library.py,seamless/core/transformation.py
wireservice/agate,agate/table/from_csv.py,agate/table/homogenize.py
wireservice/agate,agate/table/print_table.py,agate/table/homogenize.py
dwavesystems/dimod,dimod/typing.py,dimod/binary/pybqm.py
jhpyle/docassemble,docassemble_webapp/docassemble/webapp/__init__.py,docassemble_base/docassemble/base/core.py
jhpyle/docassemble,docassemble_webapp/setup.py,docassemble_base/docassemble/base/core.py
jhpyle/docassemble,docassemble_base/setup.py,docassemble_base/docassemble/base/core.py
jhpyle/docassemble,docassemble_demo/docassemble/demo/__init__.py,docassemble_base/docassemble/base/core.py
jhpyle/docassemble,docassemble_demo/setup.py,docassemble_base/docassemble/base/core.py
jhpyle/docassemble,docassemble_base/docassemble/base/__init__.py,docassemble_base/docassemble/base/core.py
CIRCL/AIL-framework,bin/lib/Tracker.py,bin/lib/crawlers.py
Harmon758/Harmonbot,Discord/cogs/games.py,Discord/cogs/youtube.py
Harmon758/Harmonbot,Discord/cogs/games.py,Discord/cogs/tools.py
dracidoupe/graveyard,ddcz/templatetags/tavern.py,ddcz/views/users.py
julien6387/supvisors,supvisors/viewsupvisors.py,supvisors/commander.py
julien6387/supvisors,supvisors/viewsupvisors.py,supvisors/statemachine.py
julien6387/supvisors,supvisors/viewhandler.py,supvisors/listener.py
julien6387/supvisors,supvisors/viewapplication.py,supvisors/statemachine.py
julien6387/supvisors,supvisors/viewhandler.py,supvisors/commander.py
julien6387/supvisors,supvisors/viewsupvisors.py,supvisors/listener.py
julien6387/supvisors,supvisors/viewhandler.py,supvisors/statemachine.py
julien6387/supvisors,supvisors/viewapplication.py,supvisors/commander.py
julien6387/supvisors,supvisors/viewapplication.py,supvisors/listener.py
rhinstaller/anaconda,pyanaconda/payload/live/payload_liveimg.py,pyanaconda/modules/storage/devicetree/utils.py
CanonicalLtd/subiquity,subiquity/server/controllers/filesystem.py,subiquity/client/controllers/network.py
CanonicalLtd/subiquity,subiquity/ui/views/filesystem/filesystem.py,subiquitycore/ui/views/network_configure_wlan_interface.py
CanonicalLtd/subiquity,subiquity/server/controllers/filesystem.py,subiquity/server/controllers/network.py
craws/OpenAtlas-Python,openatlas/api/v02/common/entity/entity.py,openatlas/api/v02/endpoints/entity/geometric_entities.py
MikkelSchubert/paleomix,paleomix/core/input.py,paleomix/core/workers.py
MikkelSchubert/paleomix,paleomix/atomiccmd/command.py,paleomix/pipeline.py
MikkelSchubert/paleomix,paleomix/atomiccmd/command.py,paleomix/tools/factory.py
graphistry/pygraphistry,graphistry/PlotterBase.py,graphistry/layouts.py
graphistry/pygraphistry,graphistry/__init__.py,graphistry/plotter.py
graphistry/pygraphistry,graphistry/PlotterBase.py,graphistry/gremlin.py
johntruckenbrodt/pyroSAR,pyroSAR/S1/auxil.py,pyroSAR/snap/util.py
johntruckenbrodt/pyroSAR,pyroSAR/gamma/util.py,pyroSAR/snap/util.py
StellarCN/py-stellar-base,stellar_sdk/sep/txrep.py,stellar_sdk/muxed_account.py
Azure/azure-sdk-for-python,sdk/translation/azure-ai-translation-document/azure/ai/translation/document/_models.py,sdk/translation/azure-ai-translation-document/samples/async_samples/sample_check_document_statuses_async.py
DigitalCampus/django-oppia,quiz/models/question.py,summary/management/commands/update_summaries.py
jclgoodwin/bustimes.org.uk,bustimes/models.py,bustimes/timetables.py
Nicotine-Plus/nicotine-plus,pynicotine/privatechat.py,pynicotine/gtkgui/widgets/textentry.py
Nicotine-Plus/nicotine-plus,pynicotine/search.py,pynicotine/gtkgui/widgets/textentry.py
Nicotine-Plus/nicotine-plus,pynicotine/gtkgui/widgets/theme.py,pynicotine/gtkgui/widgets/textentry.py
materialsproject/MPContribs,mpcontribs-api/mpcontribs/api/contributions/views.py,mpcontribs-api/mpcontribs/api/notebooks/views.py
materialsproject/MPContribs,mpcontribs-portal/mpcontribs/portal/views.py,mpcontribs-api/mpcontribs/api/notebooks/views.py
freewillfx-azenqos/azm_db_merge,azm_db_merge.py,gen_sql_handler.py
rpm-software-management/rpmlint,rpmlint/config.py,rpmlint/lint.py
